BRAND NAME,PRODUCT CATEGORIES,SOCIAL MEDIA HANDLES,FOLLOWER COUNT,UNIQUE SELLING POINTS(USPs),CONTACT INFORMATION
DiamondLady,Modern Dresses,@diamondlady.in,229K,Western Wear with a Contemporary Twist,8800225892
Basata,Sustainable Fashion,@thebasata,52.4K,Sustainable fashion with a focus on eco-friendly materials and ethical production.,customerservicebasata@gmail.com
Bhavini Paris,Fusion Wear,@bhaviniparis,67.6K,"Fusion of Indian and Parisian styles, offering unique, hand-embroidered pieces.",bhavini9728@gmail.com
Kaira by Nikita,Contemporary Ethnic Wear,@kairabynikita,53K,"Contemporary ethnic wear with a modern twist, featuring intricate designs.",kairabynikita@gmail.com
Shubhang,"Trendy, Everyday Fashion",@shubhangindia,1.6K,"Affordable fashion with trendy, stylish designs for everyday wear.",business@shubhang.in
Deepoo Designers,Custom-Made Ethnic Wear,@deepoodesigners.in,238K,"Custom-made ethnic wear, blending traditional craftsmanship with modern aesthetics.",connect@deepoodesigners.com
The Vintage Snob,"Vintage Clothing, Accessories",@the_vintage_snob,337K,Curated vintage clothing and accessories from different eras,care@thevintagesnob.in
KiriKiri,"Apparel, Accessories",@kirikiri.in,82.7K,Healing gemstones and silver semi-precious stone jewelry,contact@kirikiri.in
Krafted with Happiness,"Stationery, Home Decor",@kraftedwithhappiness,99.2K,"Handcrafted, sustainable jewelry with unique designs",hello@kraftedwithhappiness.com
KihoY,"Apparel, Footwear, Accessories",@kihoyofficial,24K,Comfortable and stylish handcrafted footwear,info@kihoy.com
Banjara Bazaar,"Handicrafts, Home Decor",@banjarabazaar,13.7K,Traditional handicrafts and home decor items sourced from artisans across India,banjarabazaar@gmail.com
Paula Misa,Jewelry,@by_paulami,23.6K,Handcrafted jewelry inspired by nature and traditional motifs,Ph. +91-9999091208
Taana Baana,"Ethnic Wear, Handloom",@taanabana,38.3K,Handloom products with a modern twist,taanabanastudio@gmail.com
Jhaanjhariya,"Handmade jewelry,Bags",@jhaanjhariya,365K,Intricately designed jewelry pieces,jhaanjhariyabyashu@gmail.com
Silver Dust Handmade Jewelry,Handmade Jewelry,@silver_dust_handmade_jewelry,84.8K,"Eco-friendly, handmade, and sustainable",silverdusthandmadejewelry@gmail.com
The Tassel Story,Trendy and bohemian accessories.,@the.tassel.story,48.4K,unique tassel designs and colorful statement pieces,thetasselstory22@gmail.com
Kreeva,Elegant and stylish ethnic wear.,@kreeva_lifestyles,86K,wide range of traditional and fusion wear with intricate detailing,care@kreeva.com
PTrendz,"Fashion-forward, trendy clothing.",@p_trendz,94.2K,chic and stylish apparel catering to the latest fashion trends,ptrendzjewellery@gmail.com
Ozzaro,"Footwear, Handbags",@ozzaro.in,14.3K,"Sophisticated Style, Diverse Collection, Positive customer feedback, Exclusive Designs",9267924290
thewhitepole,shoes,@mr.whitepole,43.7K,"Fashionable Collections, Category Variety, Exclusive Collections, New Arrivals and Best Sellers, Influencer Picks",care@thewhitepole.com
Theater,"Shoes, Shapewear, Bags, Perfumes, Stockings, Men's Socks, Women's Socks ,Jewellery, Kid's Stockings",@theater.xyz,136K,"Diverse Range, Inclusion of Plus Sizes, High-Quality Materials, Design Variety, Affordability",hello@theater.xyz
CAI,Footwear,@thecaistore,357K,"Handmade Footwear, Comfort and Style, Wide Variety, Special Collections, Customer Satisfaction","customercare@thecaistore.com, Call : +91 8484931561"
Peire,women footwear,@thepeirestore,11K,"Elegant Styles, High-Quality Materials, Comfort-Focused, Wide Range","Call: +91 8130773532
hello@thepeirestore.com"
PKL(Puneet Kapoor Label),"Dresses, Tops & Bodysuits, Trikinis, Saree, Co-Ord Set, Skirts, Jumpsuits, Pants, Jacket, Blazers",@puneetkapoorlabel,65.7K,"handmade and designed to be flattering silhouettes,modern, luxurious, and elegant ","Puneetkapoorlabel@gmail.com
Call us at: +91 9810868956"
Layrrd,"Dresses, sets, tops, Bottoms, Accessories",@layrrd,22.5K,"Customization, Modularity, Quality Materials, Innovation, Personalized Experience","hello@layrrd.com
+91 8750231510"
Sister Snatched,"Matching sets, blazers, tops, dresses, pants",@sistersnatched.in,20.2K,"custom and Standard tailoring, luxurious fabrics, bold, feminine, and sleek, offer a variety of colors",9501333788
Style Island,"Tops and blouses, dresses, jumpsuits and playsuits, pants, co-ord sets, jackets, skirts and shorts",@styleislandofficial,58.5K,"Trendy Designs, Quality Materials, Exclusive Pieces, Affordable Luxury, Ethical Practices","Telephone: +91 9311303025
Email id: info@styleisland.com"
QUA,"Dresses & Jumpsuits, Sets, Topwear, Bottomwear, Denim, Blazers & Waistcoats, Suits, Knitwear, Coats, jewelry",@qua.clothing,112K,"Sustainable Fashion, Functional Design, Versatile Collections, Virtual Styling Services",Whatsapp us at +91-9289052310.
COSSET,,@cosset.clothing,39.6K,,
Clothes on my mind,"DRESSES, CO-ORDS, PANTS, INDO WESTERN, TOPS",@clothesonmymind,70.7K,"Curated Fashion, Affordable Pricing, Diverse Range, Quality and Durability, Customer Service, Fashion Accessibility, Ethical and Sustainable Practices","hello@clothesonmymind.com
+91 9953338993 "
Malie,"Dresses,Tops,Bottoms,Accessories,Jewellery",@malie.official,50.1K,"Luxury Fashion, Exclusive Designs, Premium Materials, Craftsmanship, Fashion Innovation, Customer Experience, Global Reach",Whatsapp +91 9339000058
Verb,"CAPES, SHIRTS ,TUNICS, BOTTOMS, DRESSES, ACKETS , KAFTANS",@shopverb,59.2K,"Curated Selection, Fashion Forward, Quality and Durability, Ethical Sourcing, Customer Service, Competitive Pricing, User-Friendly Interface",Call: +91 98313 93425
Terra Luna,"Kinetic,Illuminate, Chromatic
Shirts, Tees, Shorts, Pants
Dresses,Tops, Shorts, Pants, Hoodie, Playsuits, Jumpsuits",@terraluna_india,11.3K,"Sustainable fashion, eco-friendly practices, premium khadi and linen, versatile styles, ethical production, fashion-forward designs.","Email: grievances@terralunaindia.com

Phone: + 91 9851986310"
Nouria,"Tops / Shirts, Bottoms, Dresses, Co-ord Sets, Jumpsuits / Playsuits, Overlays / Jackets, Kurta Sets, Kaftans",@nouria_official,41.4K,"free shipping on domestic orders, high-quality women's wear, trendy and vibrant designs, versatile styles for various occasions, sustainable , special celebrity and influencer collections.","customersupport@nouria.co.in, +91 8850247363"
Calling june,"Co-ord Sets,Dresses, Shirts & Blouses, Bottoms",@calling.june,22.5K,"Handmade with love, premium and natural fabrics, plus sizes and customization available, 100% safe and verified payments, vibrant and thoughtful designs, eco-friendly practices, confidence-boosting clothing.","hello@callingjune.com, +91 97111 82977"
Sonam Parmar Jhawar,"Shirts, Tops, Pants, Skirts, Dresses, Co-ords, Jackets",@so_sonamparmarjhawar,55.3K,"Custom-made garments, premium and natural fabrics, vibrant and contemporary designs, versatile collections, celebrity-inspired looks","Phone : +91 9922418283
Email : info@sonamparmar.com"
essgee,"estive dresses, shirts, shorts, jumpsuits, swimsuits, saris, cover-ups, rompers, knits, tops, pants, skirts, co-ord sets, lehengas, shararas, jackets, and jewelry",@essgee_shop,87.9K,"All-linen menswear collection, eco-friendly, premium quality fabrics, vibrant and stylish designs, thically produced in India, seasonal discounts and special offers.",hello@essgee.co
it girl,"DRESSES, TOPS, CORSETS, SWIMWEAR, BEACHWEAR, CO-ORDS, WINTERWEAR",@itgirl_love,75.1K,"Women-Centric Products, Diverse Product Range, Fashion-forward Designs, Quality and Durability, Customer-Centric Approach, Exclusive Offers and Deals",Email : support@itgirl.in 
misri,"Kurta Sets, Co-ords & Blazers, Dresses, Tops & Blouses, Kurtas",@studio.misri,21.1K,"elevated essentials, , Everything under 2999/-, Ethnic and Contemporary Fusion","hello@studiomisri.com, 9116156369"
VIRGIO,"Dresses & Jumpsuits, Co-Ords, Tops & Shirts, Skirts & Trousers",@virgio.official,99.7K,"recycled and organic fabrics to create clothes, closed-loop system to minimize waste, packaging is biodegradable",care.in@virgio.com
Ms. Maven,"Tops & Shirts, Co-ords, Dresses",@ms.maven,8.2K,"Quality Products, Unique Designs, Customization, Sustainability, Customer Service, Ethical Practices, Value for Money, Convenience",msmaven.in@gmail.com
Lazo Store,"Accessories,Dresses,Shirts,Tops,Bottoms,Co-ords",@lazostore.in,84.3K,"Handcrafted Products, Ethical and Sustainable, Exclusive Designs, Community Support, Customization Options, Quality Materials, Customer Experience","Email: connect@lazostore.in
Phone: 9289299935"
Shubh Shree Studios,"Tops,Dresses,Co-ord Sets & Jumpsuits,Bottoms",@shubhshreestudios,56.5K,"Creative and Artistic Approach, Customized Packages, High-Quality Production, Professional Team, Client Satisfaction, Innovative Techniques","MOBILE    : +91 966 440 3633
 info@shubhshreestudios.com"
Shop Mauve,"Tops, Shirts, Dresses, Skirts, Pants, Coord Sets, Premium Loungewear",@shopmauve.in,36.3K,"Curated Fashion, Affordable Luxury, Exclusive Designs, Ease of Shopping, Customer Service, Fashion Forward, Quality Assurance",info@shopmauve.in
ipso facto,"tops, Dresses, Bottoms",@ipsofacto.in,25.5K,"Expertise and Experience, Client-Centric Approach, Reputation and Track Record, Innovative Solutions, Industry Recognition, Global Reach or Local Expertise, Transparent Pricing and Efficiency","Mail: Info@ipso-facto.in
Helpline : +91 9560063203"
Label by Anuja,"Co-ords,Dresses,Shirts,Maxi Dresses",@labelbyanuja,21.6K,"trendy clothing for women, clothes are chic, comfortable, and elevate the wearer's style",hello.labelbyanuja@gmail.com
The fun company,Fashion Jewelry,@the.fun.company,15.2K,"Affordable fashion jewelry, anti-tarnish, skin-friendly, customizable, long experience in manufacturing​",hello@thefuncompany.in
SOBO,"Clothing, Accessories",@sobostore.in,7.2K,"Unique and trendy products, affordable pricing, exclusive collections",sobostoreindia@gmail.com
Tilton fab,Traditional and Designer Clothing,@tiltonfab,13.5K,Premium quality designer wear with intricate embroidery and traditional craftsmanship,7990481036
vulcal,"Ethnic Wear, Bridal Wear",@_vulcal_,31.6K,"Handcrafted designs, Traditional techniques",info.vulcal@gmail.com
Fiona,"Casual Pret, Luxury Pret, Formals, Summer Drop, Spring Lawn, Khaddar, Printed Lawn, Embroidered Pret",@get.fiona,112K,Offers a wide range of ready-to-wear outfits with a focus on minimalistic and elegant frock designs. Includes diverse collections for different seasons and occasions​,info@shopfiona.com
Obleka,"Women's fashion, Accessories",@obleka.in,54.6K,"Fashionable and elegant women's clothing, wide range of accessories, seasonal collections",7018939902
VIE KENE,"Clothing, Accessories, Lifestyle products",@vie.kene,50.8K,"Modern and chic designs, premium quality materials, exclusive collections",vie.in.studio@gmail.com
Zaamo,"Dresses, Casual Outfits, Bottom-wear",@zaamo.official,51.9K,"Trendy and stylish clothing, wide range of casual and party outfits, affordable pricing​",customercare@zaamo.co